club_name,avg_overall,n_players
Juventus,79.96153846153847,26
Paris Saint-Germain,79.45454545454545,33
Inter,78.85714285714286,28
FC Bayern München,78.07142857142857,28
Manchester United,78.0,33
Real Madrid CF,77.75757575757575,33
Napoli,77.5,26
Atalanta,77.48,25
Real Sociedad,77.28,25
SL Benfica,76.93103448275862,29
Manchester City,76.90625,32
FC Barcelona,76.78787878787878,33
Atlético de Madrid,76.71875,32
AC Milan,76.71428571428571,28
Chelsea,76.36363636363636,33
FC Porto,76.15384615384616,26
Liverpool,75.96969696969697,33
Sevilla FC,75.84848484848484,33
Borussia Dortmund,75.6774193548387,31
Sporting CP,75.48,25
Flamengo,75.4,20
Real Betis Balompié,75.12121212121212,33
AS Monaco,75.11111111111111,27
Leicester City,75.0,33
Bayer 04 Leverkusen,74.88888888888889,27
Villarreal CF,74.87878787878788,33
Lazio,74.78125,32
Clube Atlético Mineiro,74.2,20
Tottenham Hotspur,74.0909090909091,33
Palmeiras,74.0,20
Everton,73.87878787878788,33
Olympique Lyonnais,73.86666666666666,30
Ajax,73.82758620689656,29
Athletic Club de Bilbao,73.73333333333333,30
Roma,73.65625,32
Arsenal,73.63636363636364,33
RB Bragantino,73.45,20
São Paulo,73.45,20
Fiorentina,73.4074074074074,27
SK Slavia Praha,73.28571428571429,28
RB Leipzig,73.28125,32
LOSC Lille,73.26666666666667,30
Internacional,73.15,20
VfL Wolfsburg,72.96875,32
Valencia CF,72.93939393939394,33
RCD Espanyol de Barcelona,72.84848484848484,33
Levante Unión Deportiva,72.81818181818181,33
PSV,72.76666666666667,30
River Plate,72.75,28
U.S. Sassuolo Calcio,72.74074074074075,27
OGC Nice,72.70370370370371,27
U.C. Sampdoria,72.6,25
Hellas Verona,72.48148148148148,27
Olympiacos CFP,72.42857142857143,28
Eintracht Frankfurt,72.35483870967742,31
Udinese Calcio,72.34615384615384,26
Grêmio,72.3,20
Fenerbahçe SK,72.28571428571429,28
CA Osasuna,72.21212121212122,33
Club Athletico Paranaense,72.2,20
West Ham United,72.18181818181819,33
Granada CF,72.15151515151516,33
Stade Rennais FC,72.07407407407408,27
AC Sparta Praha,72.03846153846153,26
Real Valladolid CF,72.0,30
Beşiktaş JK,71.96551724137932,29
Shakhtar Donetsk,71.89285714285714,28
TSG Hoffenheim,71.87878787878788,33
Boca Juniors,71.85714285714286,28
Sport Club Corinthians Paulista,71.8,20
Dynamo Kyiv,71.78571428571429,28
Club Brugge KV,71.71428571428571,28
Santos,71.7,20
Borussia Mönchengladbach,71.60606060606061,33
Getafe CF,71.56666666666666,30
Deportivo Alavés,71.55555555555556,27
Trabzonspor,71.53571428571429,28
Torino F.C.,71.51612903225806,31
Fluminense,71.5,20
Rangers FC,71.42857142857143,28
Racing Club,71.39285714285714,28
Newcastle United,71.36363636363636,33
Fulham,71.3,30
PAOK,71.28571428571429,28
Club América,71.26923076923077,26
Fortaleza,71.25,20
RC Strasbourg Alsace,71.24,25
Elche CF,71.2,30
SC Braga,71.2,30
Watford,71.2,30
RCD Mallorca,71.12121212121212,33
RC Celta de Vigo,71.0909090909091,33
Aston Villa,71.03225806451613,31
Cádiz CF,71.0,32
Tigres U.A.N.L.,71.0,25
Sport-Club Freiburg,70.96153846153847,26
Bologna,70.93103448275862,29
Cagliari,70.93103448275862,29
Rayo Vallecano,70.90322580645162,31
Hertha BSC,70.84375,32
Burnley,70.78787878787878,33
Genoa,70.75757575757575,33
Ceará Sporting Club,70.75,20
1. FC Union Berlin,70.74193548387096,31
Crystal Palace,70.6969696969697,33
Vélez Sarsfield,70.60714285714286,28
Atlético Clube Goianiense,70.6,20
Olympique de Marseille,70.57575757575758,33
Royal Antwerp FC,70.57142857142857,28
Galatasaray SK,70.56666666666666,30
Leeds United,70.45161290322581,31
Cruz Azul,70.37037037037037,27
Montpellier Hérault SC,70.23076923076923,26
Spartak Moskva,70.21428571428571,28
KRC Genk,70.2,25
FC Girondins de Bordeaux,70.19354838709677,31
AS Saint-Étienne,70.17241379310344,29
SD Eibar,70.14814814814815,27
FC Viktoria Plzeň,70.12,25
Celtic,70.10714285714286,28
Dinamo Zagreb,70.10714285714286,28
Club León,70.04,25
İstanbul Başakşehir FK,70.0,27
Sheffield United,69.93333333333334,30
Bahia,69.9,20
AEK Athens,69.85714285714286,28
Brighton & Hove Albion,69.84848484848484,33
Norwich City,69.84848484848484,33
PFC CSKA Moscow,69.8076923076923,26
Racing Club de Lens,69.77777777777777,27
FC Augsburg,69.7741935483871,31
FC Red Bull Salzburg,69.64285714285714,28
Wolverhampton Wanderers,69.63636363636364,33
Stade Brestois 29,69.61538461538461,26
Panathinaikos FC,69.60714285714286,28
CF Monterrey,69.5925925925926,27
Southampton,69.57575757575758,33
FC Lokomotiv Moscow,69.57142857142857,28
DSC Arminia Bielefeld,69.44,25
RSC Anderlecht,69.39285714285714,28
Unión Deportiva Almería,69.39285714285714,28
Club Atlético Independiente,69.33333333333333,27
Feyenoord,69.32142857142857,28
CD Leganés,69.3,30
Demir Grup Sivasspor,69.29166666666667,24
KAA Gent,69.28571428571429,28
Brentford,69.27272727272727,33
Club Libertad,69.23333333333333,30
VfB Stuttgart,69.21212121212122,33
1. FC Köln,69.16129032258064,31
Stade de Reims,69.06896551724138,29
FC Nantes,69.0,31
Spezia,68.875,24
Defensa y Justicia,68.85714285714286,28
FC Metz,68.8,30
Vitória de Guimarães,68.76666666666667,30
Associação Chapecoense de Futebol,68.75,20
Angers SCO,68.73333333333333,30
AZ Alkmaar,68.61538461538461,26
Cuiabá,68.55,20
Juventude,68.55,20
Málaga CF,68.53333333333333,30
BSC Young Boys,68.5,28
Portland Timbers,68.44444444444444,27
Nottingham Forest,68.43333333333334,30
Santos Laguna,68.42857142857143,28
Ferencvárosi TC,68.32142857142857,28
1. FSV Mainz 05,68.3125,32
FC Schalke 04,68.26923076923077,26
Girona FC,68.25925925925925,27
Real Sporting de Gijón,68.25925925925925,27
SV Werder Bremen,68.25,28
Club Atlético Colón,68.21428571428571,28
Adana Demirspor,68.16,25
Antalyaspor,68.14814814814815,27
Fatih Karagümrük S.K.,68.13333333333334,30
VfL Bochum 1848,68.12903225806451,31
Argentinos Juniors,68.07142857142857,28
Empoli,68.0,28
ESTAC Troyes,67.93939393939394,33
CD Tenerife,67.93333333333334,30
Club Tijuana,67.91666666666667,24
CFR Cluj,67.89285714285714,28
Santa Clara,67.88888888888889,27
Clube Sport Marítimo,67.83333333333333,30
Real Zaragoza,67.83333333333333,30
FC Utrecht,67.82142857142857,28
Portimonense SC,67.8,30
Preston North End,67.8,30
US Salernitana 1919,67.77777777777777,27
Club Nacional de Football,67.77272727272727,22
AC Monza,67.75,28
Club Atlético Lanús,67.75,28
FC Basel 1893,67.75,28
Parma,67.75,28
Club Atlas,67.75,24
İttifak Holding Konyaspor,67.75,24
SD Huesca,67.73333333333333,30
Estoril Praia,67.70370370370371,27
FC Lorient,67.6923076923077,26
Newell's Old Boys,67.64285714285714,28
Moreirense FC,67.62962962962963,27
Hamburger SV,67.61538461538461,26
Venezia FC,67.54545454545455,33
Aytemiz Alanyaspor,67.53571428571429,28
Club Atlético Talleres,67.53571428571429,28
Standard de Liège,67.53571428571429,28
Göztepe SK,67.48148148148148,27
Çaykur Rizespor,67.44444444444444,27
Orlando Pirates,67.39285714285714,28
FC Paços de Ferreira,67.37931034482759,29
Al Hilal,67.36666666666666,30
West Bromwich Albion,67.36666666666666,30
Barcelona Sporting Club,67.34615384615384,26
Junior FC,67.32142857142857,28
Unión de Santa Fe,67.32142857142857,28
Boavista FC,67.3076923076923,26
Atakaş Hatayspor,67.30434782608695,23
Real Oviedo,67.3,30
San Lorenzo de Almagro,67.28571428571429,28
SpVgg Greuther Fürth,67.28125,32
Columbus Crew,67.26666666666667,30
Club Deportivo Guadalajara,67.23333333333333,30
Holstein Kiel,67.21428571428571,28
LASK Linz,67.21428571428571,28
Unión Deportiva Las Palmas,67.2,30
Yukatel Kayserispor,67.2,30
Dijon FCO,67.18518518518519,27
Club Olimpia,67.17241379310344,29
Pachuca,67.14814814814815,27
Gimnasia y Esgrima La Plata,67.14285714285714,28
AFC Bournemouth,67.13333333333334,30
Futebol Clube de Famalicão,67.13333333333334,30
Gazişehir Gaziantep F.K.,67.13333333333334,30
FC Vizela,67.11538461538461,26
Clermont Foot 63,67.11111111111111,27
Rosario Central,67.10714285714286,28
Oud-Heverlee Leuven,67.03571428571429,28
Hannover 96,67.0,30
Estudiantes de La Plata,67.0,28
Godoy Cruz,67.0,28
Al Nassr,66.96666666666667,30
Fortuna Düsseldorf,66.96666666666667,30
Hajduk Split,66.96428571428571,28
Vitesse,66.96296296296296,27
SV Sandhausen,66.96,25
Fútbol Club Juárez,66.93333333333334,30
Kaizer Chiefs,66.92857142857143,28
1. FC Heidenheim 1846,66.92592592592592,27
CD Tondela,66.88461538461539,26
Nîmes Olympique,66.88,25
Reading,66.86666666666666,30
Club Atlético Aldosivi,66.85714285714286,28
Jeonbuk Hyundai Motors,66.85714285714286,28
F.C. København,66.84615384615384,26
Atlético Tucumán,66.82142857142857,28
SK Rapid Wien,66.75,28
Altay SK,66.72413793103448,29
FC Cartagena,66.72413793103448,29
FC Arouca,66.71428571428571,28
SD Ponferradina,66.70370370370371,27
Stoke City,66.66666666666667,30
Rosenborg BK,66.58333333333333,24
Blackburn Rovers,66.53333333333333,30
Millwall,66.48148148148148,27
Deportivo Toluca,66.46666666666667,30
FCSB (Steaua),66.46428571428571,28
New England Revolution,66.44444444444444,27
Kasimpaşa SK,66.38461538461539,26
Seattle Sounders FC,66.28571428571429,28
SSV Jahn Regensburg,66.26923076923077,26
Malmö FF,66.25,28
Benevento,66.25,24
Coventry City,66.23333333333333,30
Minnesota United FC,66.23076923076923,26
Yokohama F. Marinos,66.22222222222223,27
Club Atlético Banfield,66.21428571428571,28
Legia Warszawa,66.17857142857143,28
FC St. Pauli,66.16666666666667,30
Lech Poznań,66.14285714285714,28
Sint-Truidense VV,66.14285714285714,28
Universitatea Craiova,66.14285714285714,28
Sparta Rotterdam,66.1304347826087,23
Inter Miami CF,66.10714285714286,28
Club Necaxa,66.07692307692308,26
Club Atlético Huracán,66.07142857142857,28
New York Red Bulls,66.04,25
Philadelphia Union,66.03448275862068,29
Atlanta United,66.03333333333333,30
Belenenses SAD,66.03333333333333,30
Orlando City Soccer Club,66.0,30
Ipswich Town,66.0,28
UD Ibiza,65.96666666666667,30
CF Fuenlabrada,65.96551724137932,29
K Beerschot VA,65.96296296296296,27
GZT Giresunspor,65.96,25
Club Atlético Central Córdoba,65.92857142857143,28
Aarhus GF,65.92307692307692,26
Birmingham City,65.9,30
Ulsan Hyundai FC,65.89285714285714,28
Molde FK,65.88461538461539,26
Queens Park Rangers,65.86666666666666,30
FC Twente,65.85714285714286,28
KV Kortrijk,65.85185185185185,27
Middlesbrough,65.83333333333333,30
Gil Vicente FC,65.82758620689656,29
Cerezo Osaka,65.76666666666667,30
Willem II,65.76,25
D.C. United,65.73333333333333,30
Club Deportes Tolima,65.73076923076923,26
Arsenal de Sarandí,65.71428571428571,28
Huddersfield Town,65.7,30
1. FC Nürnberg,65.6896551724138,29
FC Tokyo,65.66666666666667,30
Kawasaki Frontale,65.66666666666667,30
SC Paderborn 07,65.66666666666667,30
FC Luzern,65.65384615384616,26
Patronato,65.64285714285714,28
KSV Cercle Brugge,65.60714285714286,28
Royal Charleroi S.C.,65.60714285714286,28
KV Mechelen,65.57142857142857,28
SV Zulte Waregem,65.57142857142857,28
Urawa Red Diamonds,65.57142857142857,28
KV Oostende,65.56521739130434,23
Burgos CF,65.55555555555556,27
LDU Quito,65.55555555555556,27
Shimizu S-Pulse,65.5,30
SC Heerenveen,65.5,28
Royale Union Saint-Gilloise,65.45833333333333,24
Sheffield Wednesday,65.44444444444444,27
Bristol City,65.43333333333334,30
Toronto FC,65.43333333333334,30
AD Alcorcón,65.42857142857143,28
SK Sturm Graz,65.42857142857143,28
FC Midtjylland,65.42307692307692,26
Yeni Malatyaspor,65.42307692307692,26
FC Ingolstadt 04,65.4,30
SV Darmstadt 98,65.4,30
Platense,65.39285714285714,28
KAS Eupen,65.38461538461539,26
New York City FC,65.37037037037037,27
Real Sociedad B,65.32,25
N.E.C. Nijmegen,65.3076923076923,26
Gamba Osaka,65.3,30
Lecce,65.28571428571429,28
Mazatlán Futbol Club,65.28,25
Derby County,65.26666666666667,30
Club Cerro Porteño,65.25925925925925,27
F.C. Hansa Rostock,65.25925925925925,27
Club Atlético Peñarol,65.25,24
Club Universidad Nacional,65.24137931034483,29
Toulouse Football Club,65.20833333333333,24
APOEL Nicosia FC,65.17857142857143,28
Valenciennes FC,65.14285714285714,28
Atlético Nacional,65.08695652173913,23
Paris FC,65.08,25
CD Lugo,65.06896551724138,29
Universidad Católica,65.06666666666666,30
Rotherham United,65.04347826086956,23
FC Sion,65.0,28
Pogoń Szczecin,65.0,27
Club Sporting Cristal,65.0,26
Aalborg BK,65.0,24
AC Ajaccio,65.0,23
Al Shabab,64.96666666666667,30
Vissel Kobe,64.96666666666667,30
CS Emelec,64.96153846153847,26
RZ Pellets Wolfsberger AC,64.96153846153847,26
Club Atlético Sarmiento,64.92857142857143,28
Nashville SC,64.89285714285714,28
Amiens SC,64.86666666666666,30
FC Erzgebirge Aue,64.86666666666666,30
Kashiwa Reysol,64.86666666666666,30
IFK Göteborg,64.86363636363636,22
Raków Częstochowa,64.85714285714286,28
Heracles Almelo,64.83333333333333,30
Swansea City,64.83333333333333,30
AIK,64.83333333333333,24
Aberdeen,64.82142857142857,28
FC Dallas,64.81481481481481,27
Club Deportivo Palestino,64.8076923076923,26
San Jose Earthquakes,64.8076923076923,26
Nagoya Grampus,64.8,30
Charlton Athletic,64.78571428571429,28
AJ Auxerre,64.77777777777777,27
Kashima Antlers,64.76666666666667,30
SG Dynamo Dresden,64.76666666666667,30
Austin FC,64.75862068965517,29
Unión La Calera,64.75,24
Stade Malherbe Caen,64.73333333333333,30
Sanfrecce Hiroshima,64.72413793103448,29
Karlsruher SC,64.71428571428571,28
Fortuna Sittard,64.6923076923077,26
Club Universitario de Deportes,64.6896551724138,29
Luton Town,64.66666666666667,30
Colorado Rapids,64.63333333333334,30
Vancouver Whitecaps FC,64.62068965517241,29
Suwon Samsung Bluewings,64.53571428571429,28
Gallos Blancos de Querétaro,64.5,28
La Equidad,64.5,20
Shandong Taishan,64.46428571428571,28
Guaireña FC,64.45833333333333,24
12 de Octubre FC,64.45,20
FK Bodø/Glimt,64.44444444444444,27
Blackpool,64.43333333333334,30
Hibernian,64.42857142857143,28
Club The Strongest,64.4,25
Club Deportivo Jorge Wilstermann,64.36666666666666,30
En Avant de Guingamp,64.34482758620689,29
Club Atlético de San Luis,64.33333333333333,30
LA Galaxy,64.33333333333333,30
Puebla FC,64.33333333333333,27
Al Ittihad,64.32142857142857,28
RKC Waalwijk,64.32142857142857,28
Independiente del Valle,64.32,25
Al Ain FC,64.28571428571429,28
Sporting Kansas City,64.27586206896552,29
Cardiff City,64.26666666666667,30
Barnsley,64.2,30
Real Salt Lake,64.2,30
Grenoble Foot 38,64.17857142857143,28
Heart of Midlothian,64.12,25
Hokkaido Consadole Sapporo,64.12,25
Grasshopper Club Zürich,64.07692307692308,26
FC Groningen,64.07142857142857,28
Crotone,64.04166666666667,24
FC Zürich,64.03571428571429,28
FC Cincinnati,64.0,30
Wisła Kraków,63.964285714285715,28
FK Austria Wien,63.96296296296296,27
Universidad Técnica de Cajamarca,63.96153846153846,26
Club Bolívar,63.92857142857143,28
CD Antofagasta,63.92307692307692,26
SD Amorebieta,63.92307692307692,26
PEC Zwolle,63.9,30
Portsmouth,63.84,25
Tokushima Vortis,63.8,30
Pau FC,63.77272727272727,22
CD Mirandés,63.76923076923077,26
Brøndby IF,63.75,28
Wycombe Wanderers,63.75,28
Go Ahead Eagles,63.7037037037037,27
Servette FC,63.666666666666664,27
Sport Huancayo,63.666666666666664,27
Djurgårdens IF,63.65217391304348,23
América de Cali,63.65,20
Shanghai Shenhua FC,63.642857142857146,28
Wigan Athletic,63.642857142857146,28
Al Ahli,63.6,30
Avispa Fukuoka,63.6,30
Hull City,63.6,30
Montevideo City Torque,63.6,20
Los Angeles FC,63.56666666666667,30
Oita Trinita,63.56666666666667,30
Yokohama FC,63.56666666666667,30
SC Cambuur,63.52,25
Le Havre AC,63.51851851851852,27
FC Sochaux-Montbéliard,63.5,26
Chicago Fire Football Club,63.48148148148148,27
Burton Albion,63.464285714285715,28
Club Always Ready,63.464285714285715,28
Houston Dynamo,63.43333333333333,30
Deportivo La Guaira FC,63.42857142857143,28
Guangzhou FC,63.42857142857143,28
SV Wehen Wiesbaden,63.42857142857143,28
Club de Foot Montréal,63.41379310344828,29
Carlos A. Mannucci,63.37931034482759,29
Club de Deportes Cobresal,63.36363636363637,22
Hammarby IF,63.36,25
FC Lugano,63.34782608695652,23
Jagiellonia Białystok,63.32142857142857,28
Piast Gliwice,63.32,25
GwangJu FC,63.214285714285715,28
Rodez Aveyron Football,63.2,25
FBC Melgar,63.19230769230769,26
Shanghai Port FC,63.17857142857143,28
Türkgücü München,63.17857142857143,28
Club Nacional,63.166666666666664,24
Metropolitanos de Caracas FC,63.148148148148145,27
Vegalta Sendai,63.1,30
SC Bastia,63.08,25
SK Brann,63.08,25
Western Sydney Wanderers,63.04761904761905,21
St. Mirren,63.041666666666664,24
Chamois Niortais Football Club,63.03846153846154,26
Club Deportivo Guabirá,63.03846153846154,26
Eintracht Braunschweig,63.03846153846154,26
Sepsi OSK Sf. Gheorghe,63.035714285714285,28
Oxford United,63.0,28
Sunderland,63.0,28
BK Häcken,63.0,24
Club River Plate Asunción,63.0,20
Shonan Bellmare,62.96666666666667,30
Hallescher FC,62.964285714285715,28
Incheon United FC,62.964285714285715,28
Śląsk Wrocław,62.964285714285715,28
Randers FC,62.96296296296296,27
Suwon FC,62.857142857142854,28
1. FC Kaiserslautern,62.82142857142857,28
Lechia Gdańsk,62.82142857142857,28
Shrewsbury Town,62.81818181818182,22
Sarpsborg 08 FF,62.8,25
Sagan Tosu,62.766666666666666,30
MSV Duisburg,62.76,25
Motherwell,62.75,28
VfL Osnabrück,62.74074074074074,27
Viking FK,62.73076923076923,26
AS Nancy Lorraine,62.724137931034484,29
Cracovia,62.714285714285715,28
USL Dunkerque,62.666666666666664,27
Club Atlético Palmaflor,62.65384615384615,26
SC Rheindorf Altach,62.642857142857146,28
HJK Helsinki,62.64,25
TSV Egger Glas Hartberg,62.629629629629626,27
Club Social y Deportivo Macará,62.61904761904762,21
Bolton Wanderers,62.607142857142854,28
Wellington Phoenix,62.578947368421055,19
1. FC Saarbrücken,62.55555555555556,27
FSV Zwickau,62.541666666666664,24
SK Austria Klagenfurt,62.535714285714285,28
SV Waldhof Mannheim 07,62.51851851851852,27
FC Flyeralarm Admira,62.5,28
Gillingham,62.5,22
Stabæk Fotball,62.48,25
Gaz Metan Mediaş,62.464285714285715,28
Club Atlético Nacional Potosí,62.458333333333336,24
TSV 1860 München,62.42857142857143,28
Sydney FC,62.407407407407405,27
Jeju United FC,62.392857142857146,28
IFK Norrköping,62.36363636363637,22
FC Farul Constanța,62.32142857142857,28
SV Meppen,62.32142857142857,28
Doncaster Rovers,62.25925925925926,27
Zagłębie Lubin,62.25,28
Club Independiente Santa Fe,62.24,25
Górnik Zabrze,62.23076923076923,26
Vejle Boldklub,62.214285714285715,28
Viktoria Köln,62.214285714285715,28
Damac FC,62.2,30
AFC Chindia Târgoviște,62.2,25
Deportivo Táchira FC,62.18518518518518,27
Wisła Płock,62.17857142857143,28
Kristiansund BK,62.130434782608695,23
1. FC Magdeburg,62.107142857142854,28
Peterborough United,62.1,30
Macarthur FC,62.095238095238095,21
US Quevilly Rouen Métropole,62.07692307692308,26
Northampton Town,62.04545454545455,22
Radomiak Radom,62.03846153846154,26
Al Faisaly,62.03333333333333,30
Dundee United,62.0,28
Cheltenham Town,62.0,21
St. Johnstone FC,61.964285714285715,28
Odense Boldklub,61.96153846153846,26
FC Lausanne-Sport,61.92857142857143,28
Sportclub Verl,61.92857142857143,28
FC Würzburger Kickers,61.92,25
Deportivo Pasto,61.90909090909091,22
Deportivo Cali,61.888888888888886,27
WSG Tirol,61.88461538461539,26
Dundee FC,61.88,25
Al Raed,61.86666666666667,30
Al Taawoun,61.857142857142854,28
SønderjyskE,61.851851851851855,27
Harrogate Town,61.8421052631579,19
FC Seoul,61.82142857142857,28
Pohang Steelers,61.82142857142857,28
Livingston FC,61.81481481481482,27
Club Atlético Rentistas,61.80769230769231,26
Morecambe,61.80769230769231,26
Bristol Rovers,61.785714285714285,28
Rapid București,61.75,28
SV Ried,61.75,28
Guayaquil City FC,61.73913043478261,23
Ettifaq FC,61.724137931034484,29
FC U Craiova 1948,61.7037037037037,27
Plymouth Argyle,61.666666666666664,27
Östersunds FK,61.666666666666664,24
Port Vale,61.65384615384615,26
Centro Atlético Fénix,61.65,20
FC Voluntari,61.642857142857146,28
PGE FKS Stal Mielec,61.642857142857146,28
Milton Keynes Dons,61.64,25
Strømsgodset IF,61.625,24
Lincoln City,61.6,25
FC Botoşani,61.57142857142857,28
IF Elfsborg,61.541666666666664,24
Melbourne City FC,61.541666666666664,24
Vålerenga Fotball,61.52173913043478,23
FC Dinamo 1948 Bucureşti,61.464285714285715,28
Örebro SK,61.44,25
Adelaide United,61.375,24
Campionii FC Arges,61.357142857142854,28
Odds BK,61.34615384615385,26
Ross County FC,61.30434782608695,23
Sociedad Deportiva Aucas,61.30434782608695,23
CD Huachipato,61.2962962962963,27
Gangwon FC,61.285714285714285,28
FK Haugesund,61.23809523809524,21
Kalmar FF,61.22727272727273,22
Al Fayha,61.2,30
Fleetwood Town,61.19230769230769,26
FC St. Gallen 1879,61.17857142857143,28
Seraing,61.17857142857143,28
Seongnam FC,61.142857142857146,28
Forest Green Rovers,61.13636363636363,22
Walsall,61.125,24
Academia Puerto Cabello,61.111111111111114,27
Aragua Fútbol Club,61.107142857142854,28
Al Batin,61.07692307692308,26
Bradford City,61.074074074074076,27
Bruk-Bet Termalica Nieciecza,61.07142857142857,28
AFC UTA Arad,61.03703703703704,27
Lillestrøm SK,61.0,25
Daegu FC,60.892857142857146,28
Perth Glory,60.86363636363637,22
Górnik Łęczna,60.857142857142854,28
TSV Havelse,60.851851851851855,27
Borussia Dortmund II,60.80769230769231,26
FC Nordsjælland,60.80769230769231,26
Stevenage,60.791666666666664,24
FC Academica Clinceni,60.785714285714285,28
Shenzhen FC,60.77777777777778,27
Tromsø IL,60.77777777777778,27
Beijing Guoan FC,60.75,28
Tranmere Rovers,60.75,28
Crewe Alexandra,60.74074074074074,27
AFC Wimbledon,60.73076923076923,26
Sandefjord Fotball,60.714285714285715,28
Warta Poznań,60.67857142857143,28
Henan Songshan Longmen FC,60.607142857142854,28
Shamrock Rovers,60.59090909090909,22
Barrow,60.57692307692308,26
Abha Club,60.55172413793103,29
Accrington Stanley,60.535714285714285,28
Cambridge United,60.52,25
Al Fateh,60.464285714285715,28
Al Hazem,60.4,30
Newport County,60.392857142857146,28
Degerfors IF,60.36,25
FC Viktoria 1889 Berlin,60.32142857142857,28
Oldham Athletic,60.32,25
Viborg FF,60.30769230769231,26
Salford City,60.285714285714285,28
Cerro Largo Fútbol Club,60.25,20
Silkeborg IF,60.214285714285715,28
Western United FC,60.07692307692308,26
Wrexham AFC,60.074074074074076,27
Varbergs BoIS FC,60.035714285714285,28
Colchester United,60.0,28
CS Mioveni,60.0,27
Dundalk FC,60.0,25
Leyton Orient,60.0,23
Changchun Yatai FC,59.964285714285715,28
Exeter City,59.96296296296296,27
Swindon Town,59.92,25
Hartlepool United,59.916666666666664,24
Halmstads BK,59.91304347826087,23
Rochdale,59.88,25
Melbourne Victory,59.851851851851855,27
Al Tai,59.8,30
Guangzhou City,59.77777777777778,27
IK Sirius,59.76923076923077,26
Mansfield Town,59.535714285714285,28
Carlisle United,59.52,25
Newcastle Jets,59.5,22
AC Mineros de Guayana,59.416666666666664,24
Mjällby AIF,59.285714285714285,28
Wuhan FC,59.285714285714285,28
Crawley Town,59.17857142857143,28
Shijiazhuang Ever Bright F.C.,58.92857142857143,28
St. Patrick's Athletic,58.8,25
Central Coast Mariners,58.76190476190476,21
Sutton United,58.61538461538461,26
SC Freiburg II,58.57142857142857,28
Scunthorpe United,58.55555555555556,27
Mjøndalen IF,58.53846153846154,26
ATK Mohun Bagan FC,58.52173913043478,23
Brisbane Roar,58.52173913043478,23
Dalian Professional Football Club,58.392857142857146,28
Hebei FC,57.92857142857143,28
Mumbai City FC,57.72727272727273,22
Bohemian FC,57.72,25
Tianjin Jinmen Tiger FC,57.107142857142854,28
Sligo Rovers,56.964285714285715,28
Qingdao FC,56.857142857142854,28
Jamshedpur FC,56.68181818181818,22
Kerala Blasters FC,56.64,25
Bengaluru FC,56.5,28
FC Goa,56.407407407407405,27
Chennaiyin FC,56.32142857142857,28
Hyderabad FC,55.714285714285715,28
Drogheda United,55.67857142857143,28
Chongqing Liangjiang Athletic,55.42857142857143,28
Finn Harps,55.30769230769231,26
Waterford FC,55.214285714285715,28
Derry City,55.03846153846154,26
Odisha FC,54.857142857142854,28
SC East Bengal FC,54.25925925925926,27
NorthEast United FC,53.95238095238095,21
Longford Town,53.68,25
